{"cameraMode":{"drawMode":0,"name":"Shaded","section":"Shading Mode"},"sceneLighting":true,"audioPlay":false,"sceneViewState":{"m_AlwaysRefresh":false,"showFog":true,"showSkybox":false,"showFlares":true,"showImageEffects":true,"showParticleSystems":true,"showVisualEffectGraphs":true,"m_FxEnabled":true},"in2DMode":false,"pivot":{"x":-0.7292850017547607,"y":0.39923763275146487,"z":1.6079509258270264},"rotation":{"x":-0.005988475400954485,"y":-0.9894840121269226,"z":0.04307045042514801,"w":-0.1377306431531906},"size":0.8660253882408142,"orthographic":false}