{"cameraMode":{"drawMode":0,"name":"Shaded","section":"Shading Mode"},"sceneLighting":false,"audioPlay":false,"sceneViewState":{"m_AlwaysRefresh":false,"showFog":true,"showSkybox":false,"showFlares":true,"showImageEffects":true,"showParticleSystems":true,"showVisualEffectGraphs":true,"m_FxEnabled":true},"in2DMode":false,"pivot":{"x":1.7995426654815674,"y":-2.017061948776245,"z":11.482150077819825},"rotation":{"x":-0.0871240422129631,"y":-0.04123372584581375,"z":0.0036093592643737795,"w":-0.9953361749649048},"size":9.841048240661621,"orthographic":false}