{"cameraMode":{"drawMode":0,"name":"Shaded","section":"Shading Mode"},"sceneLighting":true,"audioPlay":false,"sceneViewState":{"m_AlwaysRefresh":false,"showFog":true,"showSkybox":false,"showFlares":true,"showImageEffects":true,"showParticleSystems":true,"showVisualEffectGraphs":true,"m_FxEnabled":true},"in2DMode":false,"pivot":{"x":615.6175537109375,"y":207.23097229003907,"z":12.496603012084961},"rotation":{"x":-0.058454692363739017,"y":0.00746719678863883,"z":0.0004258800472598523,"w":0.9982447624206543},"size":328.498779296875,"orthographic":false}